source_id,producer,dataset_name,url,licence,licence_notes,geography_vintage,update_cadence,retrieved_at,staleness_thresholds,authority_rank,access_notes
cod-ab-caf,OCHA RCA (contributeur) ; source des données selon les métadonnées HDX : ICASEES ; contrôle qualité par OCHA FIS / HDX,"République centrafricaine - Limites administratives infranationales (COD-AB), version 02",https://data.humdata.org/dataset/cod-ab-caf,CC BY-IGO,Les métadonnées HDX indiquent isopen:false. Mise en garde : en attente de validation par l'ICASEES ; le Coordonnateur humanitaire a accordé une autorisation spéciale pour un usage strictement humanitaire (2025) ; une clause de non-responsabilité ONU/neutralité RCA est obligatoire en cas de partage ou de publication. Pas encore résolu pour la redistribution publique de ce projet.,v02 ; valide depuis le 2024-05-30 ; révisée le 2026-03-06 ; 20 préfectures / 85 sous-préfectures ; aucune couche commune/localité dans cette version,~365 jours (fréquence de mise à jour HDX),2026-09-05,,s.o. (source géographique/de référence ; pas une source de valeur d'indicateur),Téléchargé directement : gazetteer XLSX + GeoJSON depuis les URL de ressources HDX (Shapefile/Geodatabase également disponibles). Instantané : raw/cod-ab-caf/2026-09-05/.
wikipedia-fr-prefectures,Wikipédia (communauté),Préfectures de la République centrafricaine (article),https://fr.wikipedia.org/wiki/Pr%C3%A9fectures_de_la_R%C3%A9publique_centrafricaine,CC BY-SA,"Pas une source administrative primaire - utilisée seulement pour vérifier les variantes orthographiques des noms et les associations chef-lieu, pas comme autorité pour le rapprochement lui-même.",état actuel de l'article au moment de la récupération du 2026-09-05 ; attribue la structure à 20 préfectures à « la loi de 2020-2021 »,modifiable en continu,2026-09-05,,s.o. (utilisée uniquement pour la vérification des noms),Récupéré via WebFetch pour corroborer la réforme de 2020 et noter les variantes orthographiques des noms.
citypopulation-de-caf,"citypopulation.de (relayant les données de l'ICASEES, selon la source indiquée par la page elle-même)",République centrafricaine : découpage administratif (préfectures et sous-préfectures),https://www.citypopulation.de/en/centralafrica/admin/,non précisée - aucune licence indiquée sur le site,"citypopulation.de n'indique lui-même aucune licence ; le site nomme l'ICASEES (CC BY 4.0) comme source de ses données, mais les conditions de redistribution du tableau compilé lui-même ne sont pas vérifiées. La page indique que ses chiffres de sous-préfecture pour 2021 sont le « résultat d'une cartographie numérique incomplète réalisée en préparation du prochain recensement » ; utilisé ici comme vérification croisée, pas comme source par défaut pour les entités.",colonne recensement 2003 + colonne estimation 2021 ; le site signale lui-même que la ventilation administrative de 2021 est incomplète,inconnue,2026-09-09,,colonne 2003 : recensement (autorité plus élevée) ; colonne 2021 : estimation explicitement signalée incomplète par la source (autorité plus faible),"Récupéré via WebFetch + instantané HTML brut (raw/citypopulation-de-caf/2026-09-09/admin_index.html) ; chiffres de population transcrits dans raw/citypopulation-de-caf/2026-09-09/admin_table_transcribed.csv, pas encore extraits automatiquement du HTML."
britannica-car-history,Encyclopædia Britannica,Histoire de la République centrafricaine (article),https://www.britannica.com/place/Central-African-Republic/Independence,"non précisée - article d'encyclopédie, pas des données sous licence ouverte",Utilisée uniquement pour confirmer un seul fait historique bien établi (la date d'indépendance) comme référence tertiaire quasi primaire ; non utilisée pour quoi que ce soit de contesté comme le découpage administratif.,état de l'article au moment de la récupération du 2026-09-11,modifiable en continu,2026-09-11,,s.o. (confirmation d'un seul fait uniquement),Récupéré via WebSearch pour confirmer la date d'indépendance de la RCA (13 août 1960) pour le valid_from de l'entité pays.
loi-21-001-2021,République Centrafricaine (Assemblée nationale / promulgation présidentielle),Loi n°21.001 du 21 janvier 2021 relative aux circonscriptions administratives,,non précisée - texte légal primaire non localisé directement,"Le texte légal complet (PDF du Journal Officiel) n'a pas encore été récupéré directement - cité via deux pages secondaires indépendantes (limko.cm, et une page makanisi.org qui a renvoyé une erreur 403) qui donnent toutes deux les mêmes chiffres : 7 régions, 20 préfectures, 85 sous-préfectures, 175 communes. Il s'agit de la version promulguée, datée de plus d'un mois après l'adoption du 10 décembre 2020 rapportée par Oubangui Médias/Xinhua (qui indiquait 84 sous-préfectures) ; le chiffre a probablement changé entre l'adoption et la promulgation. Indique aussi que Bangui compte 10 arrondissements (contre 8 auparavant) - un troisième chiffre face au « 9 » de l'ICASEES lui-même, non résolu séparément.",promulguée le 2021-01-21,"s.o. (loi, non mise à jour)",2026-09-11,,législation nationale (rang le plus élevé du classement d'autorité pour le découpage administratif),"Deux citations secondaires indépendantes trouvées, dont une récupérée et citée directement (limko.cm) ; le PDF du Journal Officiel lui-même n'a pas été localisé lors de cette recherche."
icasees-rgph4-provisional,ICASEES (Institut Centrafricain des Statistiques et des Etudes Economiques et Sociales),RGPH-4 - résultats provisoires (recensement),https://www.icasees.org/index.php?q=statistiques&r=resultats,CC BY 4.0 (déclaré pour les données ICASEES en général),"Chiffre national (6 656 269 ; 3 312 532 hommes / 3 343 737 femmes) confirmé directement le 2026-09-13 sur la page de résultats primaire d'ICASEES (paramètres q=statistiques&r=resultats), qui affiche exactement ces valeurs sous le titre ""RCA en 2025 selon les résultats provisoires du RGPH-4"", avec la même mise en garde ""données non encore validées"". Auparavant compilé depuis des communications publiques sans URL primaire localisée malgré plusieurs tentatives (2026-09-05, 2026-09-12).",dénombrement fin 2025 ; publication ~23 août 2026,décennal,2026-09-05,provisoire - non encore validé par la source elle-même,"recensement national (rang le plus élevé), bien que marqué provisoire/non validé par ICASEES.","Confirmé directement à la source primaire le 2026-09-13 (auparavant une chaîne de provenance non vérifiée). Page consultée via l'URL ci-dessus ; densité (10,7/km²) et superficie (623 000 km²) également affichées sur la même page."
world-bank-wdi-population,World Bank (World Development Indicators),Population totale (SP.POP.TOTL),https://api.worldbank.org/v2/country/CAF/indicator/SP.POP.TOTL?format=json,CC BY 4.0 (licence standard des données Banque mondiale),,"estimations annuelles, mi-année ; dernière mise à jour des métadonnées 2026-07-13",annuelle,2026-09-12,,"estimation modélisée internationale (rang le plus bas de l'échelle publiée sur la page Méthode, hors chiffre de portail sans source citée)","Source composite selon les métadonnées de l'indicateur : UN Population Division (World Population Prospects) et offices statistiques nationaux. Récupéré directement via l'API REST publique de la Banque mondiale, sans authentification."
world-bank-electricity-access,World Bank (World Development Indicators),"Accès à l'électricité, % de la population (EG.ELC.ACCS.ZS)",https://api.worldbank.org/v2/country/CAF/indicator/EG.ELC.ACCS.ZS?format=json,CC BY 4.0 (licence standard des données Banque mondiale),,"annuel ; source primaire = SDG 7.1.1 Electrification Dataset (ESMAP/Banque mondiale, https://trackingsdg7.esmap.org/downloads), qui compile industrie/enquêtes nationales/sources internationales",annuelle,2026-09-12,,"estimation modélisée internationale, compilée en partie depuis des enquêtes nationales (le point 2019 = 14,3% correspond exactement à la valeur MICS 2018-19)","Récupéré directement via l'API REST publique de la Banque mondiale, sans authentification. 8 années (2017-2024)."
icasees-ihpc-dashboard,ICASEES (Institut Centrafricain des Statistiques et des Etudes Economiques et Sociales),"Indice des Prix à la Consommation (IHPC) - Mensuel National, 2015-2026 (fichier tableau de bord)",https://www.icasees.org/edocman/ipc_ihpc/JD_ODP_IPC_Mensuel_National_RCA_ODP1.0.xlsx,CC BY 4.0,"Explicitement en CC BY 4.0 selon la propre feuille Métadonnées du fichier - contrairement à COD-AB, aucune ambiguïté de licence ici. Une vraie nuance : la propre feuille Notes_Méthodologiques du fichier documente que les valeurs de 2015-01 à 2019-12 ont été raccordées à la base post-2020 par la personne ayant compilé ce fichier tableau de bord (« à la demande de l'utilisateur »), à l'aide d'un coefficient officiel (4,12919) cité des avertissements des propres bulletins de l'ICASEES - transparent et vérifié en interne (la note vérifie la continuité à la frontière déc-2019/janv-2020), mais on ne sait pas clairement si ce raccordement porte le même aval institutionnel que les bulletins mensuels bruts. Les valeurs brutes pré-2020 sont conservées inchangées dans la feuille Archive_Base1981_Brute du même fichier.","2015M1 à 2026M4 dans les colonnes de données ; la propre feuille de métadonnées du fichier indique une couverture « 2015M1 à 2025M9 », obsolète par rapport aux colonnes réelles - se fier aux colonnes de données comme référence.",mensuelle (selon la cadence déclarée par l'ICASEES ; la fréquence de mise à jour de ce fichier tableau de bord spécifique est inconnue),2026-09-12,,"recensement national > enquête nationale > estimation modélisée internationale > chiffre de portail sans source citée - il s'agit d'une série publiée par l'institut national de statistique lui-même, avec une licence et une méthodologie déclarée ; parmi le rang le plus élevé pour une source de valeur.","Récupéré via la liste actualités/ihpc du site de l'ICASEES (icasees.org/index.php/actualites/ihpc), lien direct vers le fichier edocman trouvé, téléchargé dans raw/icasees-ihpc/2026-09-11/, re-récupéré le 2026-09-12. Élargi le 2026-09-12 de l'indice global seul (IND1) pour couvrir aussi 3 sous-catégories COICOP nommées (alimentation IND2, santé IND7, transports IND8) et la ligne Inflation publiée (IND14) ; l'écart trouvé dans IND14 est désormais résolu par recoupement avec la série indépendante de la Banque mondiale. 9 autres sous-catégories COICOP (dont Enseignement, seulement 76/136 mois renseignés) restent non intégrées."
icasees-site,ICASEES (Institut Centrafricain des Statistiques et des Etudes Economiques et Sociales),icasees.org (site principal ; sous-répertoire rgph-4/ largement en 404),https://icasees.org/,CC BY 4.0 (déclaré pour les données ICASEES en général ; non re-vérifié page par page ici),"Site principal fonctionnel, avec un contenu daté de façon cohérente (MICS7 lancée ~22 août 2026, aide-mémoire rebasage PIB ~7 août 2026). ATTENTION SÉCURITÉ : une recherche web a fait remonter une URL de spam de type casino sur ce domaine (paramètre ?prizes%2F...) - évitée, non visitée. Le sous-répertoire /rgph-4/ a renvoyé 404 sur plusieurs URLs testées le 2026-09-11 ; les résultats provisoires du RGPH-4 et une éventuelle page de cartographie n'ont pas été localisés malgré plusieurs tentatives.",site vivant ; contenu RGPH-4 spécifique non localisé au 2026-09-11,unknown,2026-09-11,,voir quality_flag par observation,Utilisé pour une citation précise et vérifiée : un article RGPH-4 (icasees.org/index.php/actualites/316-...) décrit Bangui comme neuf (9) arrondissements plus les communes de Bimbo et Bégoua.
minurbanisme-rca-regions,Ministère de l'Urbanisme (RCA),7 pages régionales (minurbanisme-rca.org/1-plateaux/ … /7-bas-oubangui/),https://www.minurbanisme-rca.org/,"non précisée - site gouvernemental, aucune licence indiquée","Site gouvernemental sans licence de contenu déclarée. Pages de directions administratives ministérielles, pas une loi ou un décret. Utilisé pour rattacher les 7 régions RGPH-4 aux 20 préfectures. Confirmé depuis par une seconde source indépendante (limko.cm) - composition exacte des 7 régions x 20 préfectures vérifiée le 2026-09-13.",contenu actuel du site au moment de la récupération du 2026-09-05,inconnue,2026-09-05,,s.o. (utilisée uniquement pour le rattachement régions-préfectures),"7 pages régionales individuelles récupérées via WebFetch, listes de préfectures citées directement."
unesco-uis-completion-survey,UNESCO Institut de statistique (UIS),"Taux d'achèvement (primaire, 1er cycle secondaire, 2nd cycle secondaire), les deux sexes (CR.1, CR.2, CR.3)",https://api.uis.unesco.org/api/public/data/indicators?geoUnit=CAF&indicator=CR.1,CC BY-SA 4.0 (UIS Data Browser / API),Déclarée sur la page Terms and Conditions du UIS Data Browser (databrowser.uis.unesco.org/terms-and-conditions) ; le site institutionnel UIS lui-même cite CC BY-SA 3.0 IGO pour ses publications - les deux licences n'ont pas été comparées clause par clause.,"données ponctuelles agrégées par l'UIS à partir d'enquêtes/recensements nationaux (MICS, EHCVM, RGPH selon l'année) ; 4 points seulement pour la RCA par niveau (2000, 2006, 2010, 2019), pas une série annuelle. Renommée depuis unesco-uis-cr1-survey le 2026-09-12 pour refléter sa portée réelle (3 niveaux, pas seulement le primaire) - même source, même identifiant conservé pour ne pas casser les observations déjà enregistrées sous ce nom.",irrégulière (dépend de la publication de la prochaine enquête nationale),2026-09-12,,"enquête nationale (le point 2019 provient très probablement du MICS7 ou d'une enquête EHCVM - l'UIS ne cite pas l'enquête source exacte par point dans cette réponse d'API, seule l'année)","Récupéré directement via l'API REST publique de l'UIS Data API (api.uis.unesco.org/api/public/data/indicators), sans authentification. Endpoint découvert par tâtonnement (l'ancien point de téléchargement en masse bdds/ renvoie 404) puis confirmé par le message d'erreur 400 de l'API elle-même, qui documente ses propres paramètres requis. CR.2 et CR.3 récupérés via le même endpoint, seul le paramètre indicator change."
unesco-uis-completion-modelled,UNESCO Institut de statistique (UIS),"Taux d'achèvement (primaire, 1er cycle secondaire, 2nd cycle secondaire), les deux sexes, données modélisées (CR.MOD.1, CR.MOD.2, CR.MOD.3)",https://api.uis.unesco.org/api/public/data/indicators?geoUnit=CAF&indicator=CR.MOD.1,CC BY-SA 4.0 (UIS Data Browser / API),Même licence déclarée que la source enquête - voir la note sur cette source.,"séries annuelles modélisées/interpolées par l'UIS, 1981-2025, pour combler les années sans enquête, un jeu par niveau",annuelle,2026-09-12,,"estimation modélisée internationale - rang le plus bas de l'échelle publiée sur la page Méthode, hors chiffre de portail sans source citée","Même endpoint que la source enquête (api.uis.unesco.org/api/public/data/indicators), indicateurs CR.MOD.1/2/3. Utilisée ici spécifiquement pour exercer le mécanisme de divulgation multi-source avec un vrai désaccord enquête vs modèle, pas fabriqué : les deux séries divergent nettement en 2019 pour le primaire (27,0% enquête contre 29,2% modèle). Renommée depuis unesco-uis-cr1-modelled le 2026-09-12, même raison que la source enquête."
unesco-uis-education-administrative,UNESCO Institut de statistique (UIS),"Indicateurs de scolarisation et de rétention scolaire (taux brut/net de scolarisation, redoublement, survie, non-scolarisation), les deux sexes",https://api.uis.unesco.org/api/public/data/indicators?geoUnit=CAF&indicator=GER.1,CC BY-SA 4.0 (UIS Data Browser / API),Même licence déclarée que les sources achèvement - voir cette note. Méthodologie précise par indicateur (données administratives issues des annuaires scolaires nationaux vs estimation UIS) non confirmée point par point via cette réponse d'API.,"couverture et fraîcheur très inégales selon l'indicateur : de 1971 à une dernière année qui va de 2011 (redoublement, survie) à 2017 (scolarisation brute secondaire) - aucune série ne descend jusqu'à aujourd'hui",irrégulière,2026-09-12,,"donnée administrative nationale compilée par l'UIS (rang intermédiaire de l'échelle publiée sur la page Méthode, entre enquête nationale et estimation modélisée internationale) - classement provisoire, méthodologie exacte non confirmée par point","Récupéré via le même endpoint UIS que les indicateurs d'achèvement, indicateurs GER.1, GER.2, GER.3, GER.5T8, NERT.1.CP, REPR.1.CP, SR.1.GLAST.CP, ROFST.1.CP, ROFST.2.CP - neuf codes, un seul appel d'API groupé (paramètre indicator accepte une liste séparée par des virgules)."
unesco-uis-literacy,UNESCO Institut de statistique (UIS),"Taux d'alphabétisation, jeunes (15-24 ans) et adultes (15 ans et plus), les deux sexes (LR.AG15T24, LR.AG15T99)",https://api.uis.unesco.org/api/public/data/indicators?geoUnit=CAF&indicator=LR.AG15T24,CC BY-SA 4.0 (UIS Data Browser / API),Même licence déclarée que les autres sources UIS de cette page - voir la note sur la source achèvement/enquête.,"4 points seulement pour la RCA (1975, 2000ish, ~2010, 2019 - mêmes années que les indicateurs d'achèvement enquête, probablement issus des mêmes recensements/enquêtes)",irrégulière (dépend de la publication du prochain recensement ou de la prochaine enquête),2026-09-12,,"probablement recensement ou enquête nationale (alphabétisation se mesure généralement par recensement/enquête, pas par annuaire scolaire) - non confirmé explicitement par l'API","Récupéré via le même endpoint UIS, indicateurs LR.AG15T24 et LR.AG15T99."
unesco-uis-outofschool-modelled,UNESCO Institut de statistique (UIS),"Taux de non-scolarisation (primaire, 1er cycle secondaire, 2nd cycle secondaire), les deux sexes, données modélisées (ROFST.MOD.1, ROFST.MOD.2, ROFST.MOD.3)",https://api.uis.unesco.org/api/public/data/indicators?geoUnit=CAF&indicator=ROFST.MOD.1,CC BY-SA 4.0 (UIS Data Browser / API),"Même licence déclarée que les autres sources UIS de cette page. Découverte après coup (2026-09-12) : la recherche initiale des indicateurs de scolarisation/rétention n'avait vérifié que la variante 'officielle' (ROFST.1.CP/2.CP), pas systématiquement l'existence d'une variante modélisée - corrigé en recherchant explicitement '*.MOD.*' pour chaque famille d'indicateur avant de conclure qu'aucune n'existait. Aucune variante modélisée trouvée pour la scolarisation nette/brute, le redoublement ou la survie - ces séries restent réellement limitées à leur dernière année administrative (2011-2017).","série annuelle modélisée/interpolée par l'UIS, 2000-2025",annuelle,2026-09-12,,estimation modélisée internationale - rang le plus bas de l'échelle publiée sur la page Méthode,"Même endpoint que les autres indicateurs UIS de cette page, indicateurs ROFST.MOD.1/2/3. Utilisée pour exercer le mécanisme de divulgation multi-source entre la donnée administrative officielle (ROFST.1.CP/2.CP/3.CP, unesco-uis-education-administrative) et cette estimation modélisée, comme pour l'achèvement."
world-bank-internet-users,World Bank (World Development Indicators),"Personnes utilisant Internet, % de la population (IT.NET.USER.ZS)",https://api.worldbank.org/v2/country/CAF/indicator/IT.NET.USER.ZS?format=json,CC BY 4.0 (licence standard des données Banque mondiale),,annuel ; source primaire = Union internationale des télécommunications (ITU),annuelle,2026-09-12,,"estimation modélisée internationale (rang le plus bas de l'échelle publiée sur la page Méthode, hors chiffre de portail sans source citée)","Récupéré directement via l'API REST publique de la Banque mondiale, sans authentification. 15 années (2008-2024)."
world-bank-mobile-subscriptions,World Bank (World Development Indicators),"Abonnements à la téléphonie mobile cellulaire, pour 100 habitants (IT.CEL.SETS.P2)",https://api.worldbank.org/v2/country/CAF/indicator/IT.CEL.SETS.P2?format=json,CC BY 4.0 (licence standard des données Banque mondiale),,annuel ; source primaire = ITU,annuelle,2026-09-12,,estimation modélisée internationale,"Récupéré directement via l'API REST publique de la Banque mondiale, sans authentification. 15 années (2008-2022, la plus récente disponible malgré mrnev=15)."
world-bank-water-access,World Bank (World Development Indicators),"Personnes utilisant des services d'eau potable au moins basiques, % de la population (SH.H2O.BASW.ZS)",https://api.worldbank.org/v2/country/CAF/indicator/SH.H2O.BASW.ZS?format=json,CC BY 4.0 (licence standard des données Banque mondiale),,annuel ; source primaire = WHO/UNICEF Joint Monitoring Programme (JMP),annuelle,2026-09-12,,"estimation modélisée internationale, compilée en partie depuis des enquêtes nationales","Récupéré directement via l'API REST publique de la Banque mondiale, sans authentification. 15 années (2010-2024)."
world-bank-sanitation-access,World Bank (World Development Indicators),"Personnes utilisant des services d'assainissement au moins basiques, % de la population (SH.STA.BASS.ZS)",https://api.worldbank.org/v2/country/CAF/indicator/SH.STA.BASS.ZS?format=json,CC BY 4.0 (licence standard des données Banque mondiale),,annuel ; source primaire = WHO/UNICEF Joint Monitoring Programme (JMP),annuelle,2026-09-12,,"estimation modélisée internationale, compilée en partie depuis des enquêtes nationales","Récupéré directement via l'API REST publique de la Banque mondiale, sans authentification. 15 années (2010-2024). Même méthodologie JMP que l'accès à l'eau potable - deux indicateurs, deux facettes du même programme de suivi."
world-bank-population-growth,World Bank (World Development Indicators),"Croissance de la population, % annuel (SP.POP.GROW)",https://api.worldbank.org/v2/country/CAF/indicator/SP.POP.GROW?format=json,CC BY 4.0 (licence standard des données Banque mondiale),,annuel ; dérivée de la même série SP.POP.TOTL que population_totale,annuelle,2026-09-12,,"estimation modélisée internationale (rang le plus bas de l'échelle publiée sur la page Méthode, hors chiffre de portail sans source citée)","Récupéré directement via l'API REST publique de la Banque mondiale, sans authentification. 15 années (2011-2025)."
world-bank-urban-population,World Bank (World Development Indicators),"Population urbaine, % de la population totale (SP.URB.TOTL.IN.ZS)",https://api.worldbank.org/v2/country/CAF/indicator/SP.URB.TOTL.IN.ZS?format=json,CC BY 4.0 (licence standard des données Banque mondiale),,"annuel ; source primaire = projections ONU-Habitat / DAES, définitions nationales de zone urbaine",annuelle,2026-09-12,,estimation modélisée internationale,"Récupéré directement via l'API REST publique de la Banque mondiale, sans authentification. 15 années (2011-2025)."
world-bank-age-dependency,World Bank (World Development Indicators),"Taux de dépendance démographique, % de la population d'âge actif (SP.POP.DPND)",https://api.worldbank.org/v2/country/CAF/indicator/SP.POP.DPND?format=json,CC BY 4.0 (licence standard des données Banque mondiale),,annuel ; dérivée de la structure par âge de la même série démographique,annuelle,2026-09-12,,estimation modélisée internationale,"Récupéré directement via l'API REST publique de la Banque mondiale, sans authentification. 15 années (2011-2025)."
world-bank-child-mortality,World Bank (World Development Indicators),"Taux de mortalité, moins de 5 ans et infantile, pour 1 000 naissances vivantes (SH.DYN.MORT, SP.DYN.IMRT.IN)",https://api.worldbank.org/v2/country/CAF/indicator/SH.DYN.MORT?format=json,CC BY 4.0 (licence standard des données Banque mondiale),,annuel ; source primaire = UN IGME (Inter-agency Group for Child Mortality Estimation),annuelle,2026-09-12,,estimation modélisée internationale,"Récupéré directement via l'API REST publique de la Banque mondiale, sans authentification. 15 années (2010-2024) pour chaque indicateur."
world-bank-maternal-mortality,World Bank (World Development Indicators),"Taux de mortalité maternelle, pour 100 000 naissances vivantes (SH.STA.MMRT)",https://api.worldbank.org/v2/country/CAF/indicator/SH.STA.MMRT?format=json,CC BY 4.0 (licence standard des données Banque mondiale),,annuel ; source primaire = WHO/UNICEF/UNFPA/World Bank/UNPD Maternal Mortality Estimation Inter-Agency Group,annuelle,2026-09-12,,estimation modélisée internationale,"Récupéré directement via l'API REST publique de la Banque mondiale, sans authentification. 15 années (2009-2023)."
world-bank-life-expectancy,World Bank (World Development Indicators),"Espérance de vie à la naissance, ensemble (SP.DYN.LE00.IN)",https://api.worldbank.org/v2/country/CAF/indicator/SP.DYN.LE00.IN?format=json,CC BY 4.0 (licence standard des données Banque mondiale),,annuel ; source primaire = UN Population Division (World Population Prospects),annuelle,2026-09-12,,estimation modélisée internationale,"Récupéré directement via l'API REST publique de la Banque mondiale, sans authentification. 15 années (2010-2024)."
world-bank-immunization,World Bank (World Development Indicators),"Vaccination, rougeole et DTC, % des enfants de 12 à 23 mois (SH.IMM.MEAS, SH.IMM.IDPT)",https://api.worldbank.org/v2/country/CAF/indicator/SH.IMM.MEAS?format=json,CC BY 4.0 (licence standard des données Banque mondiale),,annuel ; source primaire = estimations conjointes OMS/UNICEF de la couverture vaccinale,annuelle,2026-09-12,,"estimation modélisée internationale, compilée en partie depuis des données administratives et des enquêtes","Récupéré directement via l'API REST publique de la Banque mondiale, sans authentification. 15 années (2010-2024) pour chaque indicateur."
world-bank-health-workforce,World Bank (World Development Indicators),"Médecins et lits d'hôpital, pour 1 000 habitants (SH.MED.PHYS.ZS, SH.MED.BEDS.ZS)",https://api.worldbank.org/v2/country/CAF/indicator/SH.MED.PHYS.ZS?format=json,CC BY 4.0 (licence standard des données Banque mondiale),,"irrégulier ; source primaire = OMS Global Health Workforce Statistics. Densité de médecins : 15 points, 1980-2023. Lits d'hôpital : seulement 6 points, le plus récent datant de 2011 - réellement ancien, pas un artefact de récupération.",irrégulière,2026-09-12,,estimation modélisée internationale,"Récupéré directement via l'API REST publique de la Banque mondiale, sans authentification."
world-bank-health-expenditure,World Bank (World Development Indicators),"Dépenses courantes de santé, % du PIB (SH.XPD.CHEX.GD.ZS)",https://api.worldbank.org/v2/country/CAF/indicator/SH.XPD.CHEX.GD.ZS?format=json,CC BY 4.0 (licence standard des données Banque mondiale),,annuel ; source primaire = OMS Global Health Expenditure Database,annuelle,2026-09-12,,estimation modélisée internationale,"Récupéré directement via l'API REST publique de la Banque mondiale, sans authentification. 15 années (2009-2023)."
world-bank-hiv-incidence,World Bank (World Development Indicators),"Incidence du VIH, 15-49 ans, pour 1 000 personnes non infectées (SH.HIV.INCD.ZS)",https://api.worldbank.org/v2/country/CAF/indicator/SH.HIV.INCD.ZS?format=json,CC BY 4.0 (licence standard des données Banque mondiale),,annuel ; source primaire = ONUSIDA (UNAIDS),annuelle,2026-09-12,,estimation modélisée internationale,"Récupéré directement via l'API REST publique de la Banque mondiale, sans authentification. 15 années (2010-2024)."
world-bank-gdp,World Bank (World Development Indicators),"PIB, PIB par habitant et croissance du PIB, US$ courants / % annuel (NY.GDP.MKTP.CD, NY.GDP.PCAP.CD, NY.GDP.MKTP.KD.ZG)",https://api.worldbank.org/v2/country/CAF/indicator/NY.GDP.MKTP.CD?format=json,CC BY 4.0 (licence standard des données Banque mondiale),L'ICASEES a son propre rebasage du PIB (base 2019) en cours - ces chiffres Banque mondiale n'ont pas été comparés à la série ICASEES rebasée une fois publiée.,annuel ; source primaire = comptes nationaux compilés par la Banque mondiale et le FMI,annuelle,2026-09-12,,"estimation modélisée internationale (rang le plus bas de l'échelle publiée sur la page Méthode, hors chiffre de portail sans source citée)","Récupéré directement via l'API REST publique de la Banque mondiale, sans authentification. 15 années (2011-2025) pour chaque indicateur."
world-bank-poverty,World Bank (World Development Indicators),"Taux de pauvreté à 3,00 $/jour, PPA 2021, % de la population (SI.POV.DDAY)",https://api.worldbank.org/v2/country/CAF/indicator/SI.POV.DDAY?format=json,CC BY 4.0 (licence standard des données Banque mondiale),,"irrégulier ; seulement 3 points pour la RCA (1992, un point intermédiaire, 2021) - dépend de la disponibilité d'enquêtes de ménages, pas une série annuelle",irrégulière,2026-09-12,,"estimation modélisée internationale, basée sur des enquêtes de ménages","Récupéré directement via l'API REST publique de la Banque mondiale, sans authentification."
world-bank-unemployment,World Bank (World Development Indicators),"Chômage, total, % de la population active totale, estimation modélisée de l'OIT (SL.UEM.TOTL.ZS)",https://api.worldbank.org/v2/country/CAF/indicator/SL.UEM.TOTL.ZS?format=json,CC BY 4.0 (licence standard des données Banque mondiale),,annuel ; source primaire = estimations modélisées de l'Organisation internationale du travail (OIT),annuelle,2026-09-12,,estimation modélisée internationale,"Récupéré directement via l'API REST publique de la Banque mondiale, sans authentification. 15 années (2011-2025)."
world-bank-trade,World Bank (World Development Indicators),"Exportations et importations de biens et services, % du PIB et US$ courants (NE.EXP.GNFS.ZS, NE.IMP.GNFS.ZS, NE.EXP.GNFS.CD, NE.IMP.GNFS.CD)",https://api.worldbank.org/v2/country/CAF/indicator/NE.EXP.GNFS.ZS?format=json,CC BY 4.0 (licence standard des données Banque mondiale),,annuel ; source primaire = comptes nationaux compilés par la Banque mondiale et le FMI,annuelle,2026-09-12,,estimation modélisée internationale,"Récupéré directement via l'API REST publique de la Banque mondiale, sans authentification. 15 années (2011-2025) pour chaque indicateur. Élargi 2026-09-12 des versions % du PIB aux versions en valeur absolue (dollars courants)."
world-bank-external-debt,World Bank (World Development Indicators),"Encours de la dette extérieure, % du RNB et US$ courants (DT.DOD.DECT.GN.ZS, DT.DOD.DECT.CD)",https://api.worldbank.org/v2/country/CAF/indicator/DT.DOD.DECT.GN.ZS?format=json,CC BY 4.0 (licence standard des données Banque mondiale),,annuel ; source primaire = International Debt Statistics de la Banque mondiale,annuelle,2026-09-12,,estimation modélisée internationale,"Récupéré directement via l'API REST publique de la Banque mondiale, sans authentification. 15 années (2010-2024). Élargi 2026-09-12 de la version % du RNB à la version en valeur absolue (dollars courants)."
world-bank-fdi,World Bank (World Development Indicators),"Investissements directs étrangers, entrées nettes, % du PIB (BX.KLT.DINV.WD.GD.ZS)",https://api.worldbank.org/v2/country/CAF/indicator/BX.KLT.DINV.WD.GD.ZS?format=json,CC BY 4.0 (licence standard des données Banque mondiale),,annuel ; source primaire = IMF Balance of Payments Statistics,annuelle,2026-09-12,,estimation modélisée internationale,"Récupéré directement via l'API REST publique de la Banque mondiale, sans authentification. 15 années (2010-2024)."
world-bank-government-revenue,World Bank (World Development Indicators),"Recettes, hors dons, % du PIB (GC.REV.XGRT.GD.ZS)",https://api.worldbank.org/v2/country/CAF/indicator/GC.REV.XGRT.GD.ZS?format=json,CC BY 4.0 (licence standard des données Banque mondiale),,"annuel ; source primaire = IMF Government Finance Statistics ; dernier point 2021, pas encore mis à jour depuis",annuelle,2026-09-12,,estimation modélisée internationale,"Récupéré directement via l'API REST publique de la Banque mondiale, sans authentification. 14 années (2004-2021)."
world-bank-agriculture-value-added,World Bank (World Development Indicators),"Agriculture, sylviculture et pêche, valeur ajoutée, % du PIB (NV.AGR.TOTL.ZS)",https://api.worldbank.org/v2/country/CAF/indicator/NV.AGR.TOTL.ZS?format=json,CC BY 4.0 (licence standard des données Banque mondiale),,annuel ; source primaire = comptes nationaux compilés par la Banque mondiale,annuelle,2026-09-12,,"estimation modélisée internationale (rang le plus bas de l'échelle publiée sur la page Méthode, hors chiffre de portail sans source citée)","Récupéré directement via l'API REST publique de la Banque mondiale, sans authentification. 15 années (2011-2025)."
world-bank-land-use,World Bank (World Development Indicators),"Terres agricoles, terres arables, superficie forestière, % de la superficie des terres, et terres agricoles en km² (AG.LND.AGRI.ZS, AG.LND.ARBL.ZS, AG.LND.FRST.ZS, AG.LND.AGRI.K2)",https://api.worldbank.org/v2/country/CAF/indicator/AG.LND.AGRI.ZS?format=json,CC BY 4.0 (licence standard des données Banque mondiale),,annuel ; source primaire = FAO (Organisation des Nations Unies pour l'alimentation et l'agriculture),annuelle,2026-09-12,,estimation modélisée internationale,"Récupéré directement via l'API REST publique de la Banque mondiale, sans authentification. 15 années (2009-2023) pour chaque indicateur. Élargi 2026-09-12 avec la superficie agricole absolue (km²)."
world-bank-food-production,World Bank (World Development Indicators),"Indice de production alimentaire, 2014-2016 = 100 (AG.PRD.FOOD.XD)",https://api.worldbank.org/v2/country/CAF/indicator/AG.PRD.FOOD.XD?format=json,CC BY 4.0 (licence standard des données Banque mondiale),,annuel ; source primaire = FAO,annuelle,2026-09-12,,estimation modélisée internationale,"Récupéré directement via l'API REST publique de la Banque mondiale, sans authentification. 15 années (2008-2022)."
world-bank-cereal-yield,World Bank (World Development Indicators),"Rendement céréalier, kg par hectare, et production céréalière, tonnes métriques (AG.YLD.CREL.KG, AG.PRD.CREL.MT)",https://api.worldbank.org/v2/country/CAF/indicator/AG.YLD.CREL.KG?format=json,CC BY 4.0 (licence standard des données Banque mondiale),,annuel ; source primaire = FAO,annuelle,2026-09-12,,estimation modélisée internationale,"Récupéré directement via l'API REST publique de la Banque mondiale, sans authentification. 15 années (2009-2023) pour chaque indicateur. Élargi 2026-09-12 avec la production totale absolue (tonnes)."
world-bank-fertilizer,World Bank (World Development Indicators),"Consommation d'engrais, kg par hectare de terre arable (AG.CON.FERT.ZS)",https://api.worldbank.org/v2/country/CAF/indicator/AG.CON.FERT.ZS?format=json,CC BY 4.0 (licence standard des données Banque mondiale),,annuel ; source primaire = FAO,annuelle,2026-09-12,,estimation modélisée internationale,"Récupéré directement via l'API REST publique de la Banque mondiale, sans authentification. 15 années (2009-2023). Valeur très faible (proche de zéro) - cohérent avec un usage d'engrais minimal en RCA, pas une erreur de récupération."
world-bank-undernourishment,World Bank (World Development Indicators),"Prévalence de la sous-alimentation, % de la population (SN.ITK.DEFC.ZS)",https://api.worldbank.org/v2/country/CAF/indicator/SN.ITK.DEFC.ZS?format=json,CC BY 4.0 (licence standard des données Banque mondiale),,annuel ; source primaire = FAO,annuelle,2026-09-12,,estimation modélisée internationale,"Récupéré directement via l'API REST publique de la Banque mondiale, sans authentification. 15 années (2009-2023)."
world-bank-agricultural-employment,World Bank (World Development Indicators),"Emploi dans l'agriculture, % de l'emploi total, estimation modélisée de l'OIT (SL.AGR.EMPL.ZS)",https://api.worldbank.org/v2/country/CAF/indicator/SL.AGR.EMPL.ZS?format=json,CC BY 4.0 (licence standard des données Banque mondiale),,annuel ; source primaire = estimations modélisées de l'Organisation internationale du travail (OIT),annuelle,2026-09-12,,estimation modélisée internationale,"Récupéré directement via l'API REST publique de la Banque mondiale, sans authentification. 15 années (2011-2025)."
who-gho-health-workforce,WHO (Global Health Observatory),"Médecins et personnel infirmier/obstétrical, effectif (HWF_0002, HWF_0007)",https://ghoapi.azureedge.net/api/HWF_0002,non précisée - l'API OData du GHO de l'OMS n'indique pas de licence par indicateur ; les conditions générales de données ouvertes de l'OMS s'appliquent probablement mais n'ont pas été vérifiées cette session,"De vrais effectifs absolus, pas des densités - confirmé via l'API OData de l'OMS après avoir constaté qu'aucun tel chiffre n'existe dans les WDI de la Banque mondiale (densité uniquement). La source est le portail des Comptes Nationaux du Personnel de Santé (NHWA) de l'OMS, selon le champ Comments de chaque enregistrement. Les années sont irrégulières (selon les déclarations de chaque pays), pas annuelles - 7 points pour les médecins (2004-2024), 8 pour les infirmiers (2004-2024). Les effectifs infirmiers en particulier varient beaucoup d'une année à l'autre (835 en 2008, 5653 en 2023, 2331 en 2024) ; probablement des changements de base de déclaration plutôt que de réels changements d'effectifs, non expliqué indépendamment malgré une nouvelle vérification directe de l'API le 2026-09-13.","irrégulier (années de rapport disponibles, pas annuel)",variable,2026-09-12,,"donnée administrative nationale, compilée et publiée par l'OMS (NHWA)","Récupéré directement via l'API OData publique de l'OMS (ghoapi.azureedge.net), sans authentification. Endpoint et code d'indicateur trouvés via GhoApi/Indicator?$filter=contains(IndicatorName,...) après avoir confirmé que le World Bank WDI ne publie que des densités (par 1 000 habitants), pas d'effectifs bruts."
wfp-food-prices-hdx,World Food Programme (WFP),République centrafricaine - Prix alimentaires,https://data.humdata.org/dataset/wfp-food-prices-for-central-african-republic,CC BY-IGO (http://creativecommons.org/licenses/by/3.0/igo/legalcode),"HDX liste plusieurs contributeurs composant ce jeu de données (ACF, ACTED, FPMA/GIEWS de la FAO, ICASEES, mVAM du PAM) - attribution donnée au PAM comme éditeur du jeu de données publié, conformément à sa page HDX.","marché (point), pas de zone administrative - premier indicateur du site à ce niveau, plus fin que la sous-préfecture.",mensuel (variable selon la source - HDX note que la fréquence réelle peut différer du mensuel annoncé),2026-09-12,< 6 mois (même seuil que l'IHPC),estimation modélisée internationale,"Récupéré via le CSV public d'HDX (redirection vers une URL S3 signée, suivie automatiquement) ; pas d'authentification requise. Série 2004-2026 pour le marché de Bangui, 39 denrées disponibles au total ; seules 5 denrées de grande consommation avec des points récents (jusqu'à 2026-07) et un flag priceflag=actual (pas de valeur agrégée/estimée) ont été retenues pour l'instant."
icasees-comptes-nationaux,ICASEES (Institut Centrafricain des Statistiques et des Études Économiques et Sociales),"Comptes nationaux définitifs 2019-2021 de la République centrafricaine (base 2019, SCN 2008)",https://icasees.org/index.php/component/edocman/comptes-nationaux-definitifs-2019-2021-de-la-republique-centrafricaine/download?Itemid=0,CC BY 4.0 (licence standard ICASEES),"Rebasage complet de la comptabilité nationale sur une nouvelle année de base (2019) et le système SCN 2008, publié le 2026-07-30. Table 1 du document (page 12) rapporte un taux de croissance réel de 3,44% pour 2021, mais le résumé narratif du même document (page 7) donne 1,6% pour la même année ; la table a été retenue comme valeur structurée faisant foi, l'écart avec le texte narratif est noté sans être résolu.","comptes nationaux 2019, 2020 et 2021 uniquement ; pas encore de mise à jour au-delà",annuel (aucune périodicité annoncée pour la prochaine édition),2026-09-12,,"donnée administrative nationale, publiée par l'institut national de statistique","Extrait par lecture directe du PDF (pdfplumber) depuis l'URL de téléchargement stable d'ICASEES (composant edocman, trouvé via la page d'actualité qui annonce la publication). PDF conservé dans raw/icasees-comptes-nationaux/2026-09-12/. Valeurs transcrites du Tableau 1 (page 12) : PIB à prix courant, PIB par habitant, taux de croissance réel."
unicef-data-warehouse,"UNICEF (Data Warehouse, GLOBAL_DATAFLOW)","Cross-sector indicators (SDMX), République centrafricaine","https://sdmx.data.unicef.org/ws/public/sdmxapi/rest/data/UNICEF,GLOBAL_DATAFLOW,1.0/CAF..?format=sdmx-json",CC BY 3.0 IGO,"UNICEF compile ces indicateurs à partir de plusieurs enquêtes nationales, pas seulement la MICS6 (Enquête par grappes à indicateurs multiples 2018-2019) ; la source exacte varie par observation et est indiquée dans le champ notes de chaque ligne (ex. Enquête Nationale sur la Situation Nutritionnelle et la Mortalité 2018, MICS6 2018-2019, ou une enquête SMART 2022 plus récente).","varie par indicateur ; points ponctuels d'enquêtes, pas une série continue",variable selon les enquêtes nationales disponibles,2026-09-12,,donnée administrative nationale (compilation d'enquêtes nationales par une agence des Nations unies),"Récupéré via l'API SDMX publique d'UNICEF (sdmx.data.unicef.org), sans authentification. Chaque observation porte son propre attribut DATA_SOURCE dans la réponse de l'API, indiquant l'enquête d'origine réelle ; ce champ a été lu et reporté dans observations.csv plutôt que supposé uniforme."
imf-egdds-nsdp,"FMI (Système général de diffusion des données renforcé, e-GDDS)","National Summary Data Page (NSDP), République centrafricaine","https://api.imf.org/external/sdmx/2.1/data/IMF.STA,NSDP,7.0.0/CAF...","Conditions d'utilisation propres au FMI (Data Terms, en vigueur depuis le 2024-10-11) : réutilisation autorisée avec attribution (« Source : Fonds monétaire international ») et sans altération.","Un seul indicateur publié pour la RCA dans ce cadre (indice d'activité économique totale, trimestriel) ; aucune donnée de prix, dette ou secteur monétaire n'est encore publiée pour ce pays malgré le lancement du cadre e-GDDS en mai 2025.","trimestriel, RCA uniquement","trimestriel selon le calendrier e-GDDS, mais la dernière valeur disponible pour la RCA date de 2023-T1",2026-09-12,,"donnée administrative nationale, transmise par l'ICASEES au FMI via le cadre e-GDDS","Endpoint direct de l'API SDMX 2.1 du FMI (api.imf.org), trouvé après que l'ancien dataservices.imf.org (documenté dans plusieurs guides tiers) s'est révélé résilié (DNS inexistant) et que le portail AfDB/Knoema (car.opendataforafrica.org/nsdp) s'est révélé entièrement rendu en JavaScript, sans API publique accessible sans navigateur. Sans authentification. Dataflow trouvé via /external/sdmx/2.1/dataflow, pas deviné."
maina-master-facility-list-2019,"Maina et al. (Scientific Data, 2019), via HDX",Health Facilities in Sub-Saharan Africa (Master Facility List),https://data.humdata.org/dataset/health-facilities-in-sub-saharan-africa,CC BY,"Compilation académique à partir de registres publics et non-gouvernementaux de 50 pays d'Afrique subsaharienne. Publiée le 2019-07-25, non mise à jour depuis (donnée statique).","2019 uniquement ; 555 établissements pour la RCA, coordonnées disponibles mais non exploitées ici (comptage national seulement)",aucune mise à jour prévue (publication académique ponctuelle),2026-09-12,< 2 ans (voir Méthode),donnée administrative nationale (compilation de registres gouvernementaux),"Fichier XLSX téléchargé directement depuis l'URL de ressource stable d'HDX, filtré sur Country == 'Central African Republic'. Comptage : 555 lignes (490 publiques, 63 privées à but non lucratif, 2 non classées)."
hotosm-healthsites-caf,"OpenStreetMap (via healthsites.io et HOTOSM), via HDX",Central African Republic Healthsites,https://data.humdata.org/dataset/central-african-republic-healthsites,"ODbL (Open Database License, licence d'OpenStreetMap)","Cartographie collaborative, pas une enquête administrative ; la couverture dépend de l'activité des cartographes bénévoles et peut être incomplète dans les zones isolées (avertissement explicite d'HOTOSM sur la page du jeu de données). Un second jeu de données HDX (hotosm_caf_health_facilities) republie les mêmes points OpenStreetMap sous un autre nom - non ajouté séparément pour éviter de compter la même source deux fois.",mise à jour en continu par la communauté OpenStreetMap ; 425 établissements recensés au moment de la récupération,continu (extraction HDX mise à jour périodiquement depuis OpenStreetMap),2026-09-12,< 2 ans (voir Méthode),"chiffre de portail sans source citée (cartographie collaborative, pas d'enquête)",CSV téléchargé directement depuis l'URL de ressource stable d'HDX (redirection suivie automatiquement). Comptage : 425 lignes.
icasees-annuaire-education-2024-2025,"ICASEES / Ministère de l'Éducation Nationale (Direction Générale des Études, des Statistiques et de la Planification)",Annuaire Statistique de l'Éducation 2024-2025,https://icasees.org/index.php/publications/tableau-de-bord/education-annuaire-statistique-2024-2025-excel/download,CC BY 4.0 (licence standard ICASEES),"Recensement scolaire administratif (questionnaires remplis par les établissements), pas un échantillon d'enquête. Le fichier lui-même signale un taux de couverture de 90% (établissements ayant effectivement retourné leurs questionnaires sur le total recensé) ; les établissements non couverts sont exclus des totaux plutôt qu'estimés.",année scolaire 2024-2025 uniquement pour l'instant ; ventilation par Inspection d'Académie (proche des 20 préfectures) disponible dans le fichier mais non exploitée ici,"annuel (un annuaire par année scolaire, depuis 2015-2016)",2026-09-12,"< 5 ans (donnée administrative, voir Méthode)","donnée administrative nationale, publiée par le ministère de tutelle","Fichier Excel volumineux (3,7 Mo, une seule feuille) téléchargé depuis l'URL stable d'ICASEES après une reprise réussie d'une tentative bloquée plus tôt dans le projet ; aucun signe de blocage cette fois. Tableau national par niveau d'enseignement (page ~168-179 du classeur) : établissements, salles de classe, effectifs élèves et enseignants, par sexe et par statut public/privé. Valeurs nationales transcrites à la main après vérification ligne par ligne, pas d'extraction automatisée (mise en page irrégulière d'une année sur l'autre)."
icasees-projection-population-2025,ICASEES (Institut Centrafricain des Statistiques et des Etudes Economiques et Sociales),"Projection de la population 2025 (cycle HNRP), par sous-préfecture",https://data.humdata.org/dataset/cod-ps-caf,CC BY-IGO,"Licence indiquée directement sur la fiche du jeu de données HDX (cc-by-igo), et non la mention générale CC BY 4.0 de l'ICASEES utilisée pour certaines autres sources ici. Produite par l'ICASEES pour le cycle de planification annuel du HNRP (Plan de Réponse aux Besoins Humanitaires), diffusée via l'espace HDX d'OCHA plutôt que directement sur icasees.org.","Colonne Admin2_Pcode vérifiée en direct par rapport à chaque pcode de sous-préfecture dans data/aliases.csv (issu de la construction COD-AB v02) - les 85 correspondent exactement, donc ce fichier utilise déjà la même géographie que le rapprochement de ce projet, contrairement aux autres ressources Admin2/Admin3 du jeu de données (millésime 2015, construites sur l'ancien découpage à 16 préfectures ; non utilisées ici, voir pipeline/fetch_icasees_population_projection.py).",annuelle (liée au cycle de planification du HNRP),2026-09-12,,"Projection de l'institut national de statistique lui-même, produite pour un cycle officiel de planification humanitaire - autorité plus élevée qu'une projection tierce, bien qu'il s'agisse toujours d'une projection et non d'un recensement (2003 reste le dernier dénombrement réel).","Trouvé via les métadonnées de la fiche du jeu de données cod-ps-caf sur HDX (api/3/action/package_show), Une évaluation antérieure de ce projet décrivait ce jeu de données comme obsolète et « pas encore récupéré » ; c'était exact à l'époque, mais le jeu de données a depuis reçu des projections jusqu'en 2025. Récupéré dans raw/icasees-projection-population-2025/2026-09-12/."
mfb-note-information-2026,Ministère des Finances et du Budget (République centrafricaine),Note d'Information du Marché des Titres Publics de la RCA (janvier 2026),https://finances.gouv.cf/sites/default/files/2026-02/RCA%20NOTE_D'INFORMATION_2026.pdf,non précisée,"Document officiel publié en libre accès sur le site du ministère (finances.gouv.cf), sans mention de licence de réutilisation. Traité comme les autres sources gouvernementales à licence non résolue de ce projet pour le v1.","exercice budgétaire 2026, Loi de Finances adoptée par l'Assemblée nationale le 10 décembre 2025","annuel (une loi de finances par exercice ; le document lui-même précise qu'il fera l'objet de mises à jour en cours d'année si nécessaire, notamment via un collectif budgétaire)",2026-09-13,,"donnée administrative nationale (loi votée par l'Assemblée nationale, chiffres prévisionnels et non l'exécution réelle)","PDF trouvé via recherche web (le site finances.gouv.cf ne liste pas cette note ailleurs qu'en lien direct) ; document scanné/en images, sans texte extractible par les outils habituels (pdfplumber) - lu page par page comme images. Valeurs transcrites des Tableaux 2, 4 et 5 (pages 22-24) : ressources du budget général 2026 par source, dépenses de l'État en 2026 par nature, soldes budgétaires 2026."
