source_id,raw_string,level_guess,reason,notes
citypopulation-de-caf,Mboki (CF635),sous_prefecture,absent_from_source,"Haut-Mbomou : présent dans COD-AB v02, absent de citypopulation.de."
citypopulation-de-caf,Am-Dafok (CF534),sous_prefecture,absent_from_source,"Vakaga : présent dans COD-AB v02, absent de citypopulation.de."
citypopulation-de-caf,Ouandja (CF533),sous_prefecture,absent_from_source,"Vakaga : présent dans COD-AB v02, absent de citypopulation.de."
citypopulation-de-caf,Ouandja-Kotto (CF524),sous_prefecture,absent_from_source,"Haute-Kotto : présent dans COD-AB v02, absent de citypopulation.de."
citypopulation-de-caf,Moboma (CF126),sous_prefecture,absent_from_source,"Lobaye : présent dans COD-AB v02, absent de citypopulation.de."
citypopulation-de-caf,Ndim (CF343 selon COD-AB v02),sous_prefecture,absent_from_source,"Lim-pendé : présent dans COD-AB v02, absent de citypopulation.de."
citypopulation-de-caf,Taley (CF345),sous_prefecture,absent_from_source,"Lim-pendé : présent dans COD-AB v02, absent de citypopulation.de."
citypopulation-de-caf,Kodi,sous_prefecture,conflicting_name_or_code,"COD-AB v02 code CF344 ; citypopulation.de code CF343 pour la même sous-préfecture (re-vérifié directement le 2026-09-09, citypopulation.de note ""(← Ngaoundaye)"" suggérant une création récente par scission - hypothèse d'un désaccord de re-numérotation, non confirmée)."
icasees-site,Bangui-Centre / Bangui-Kagas / Bangui-Fleuve / Bangui-Rapides (COD-AB v02) vs. Bangui / Bimbo / Bégoua (citypopulation.de) vs. 9 arrondissements + communes de Bimbo et Bégoua (ICASEES),sous_prefecture,conflicting_name_or_code,"Désaccord à TROIS voies, pas deux. ICASEES (icasees.org/index.php/actualites/316-..., cité verbatim, 2026-09-11) : ""les neuf (9) arrondissements de la capitale ainsi que les communes de Bimbo et Bégoua"" - Bimbo et Bégoua sont explicitement des communes, pas des sous-préfectures, et Bimbo n'apparaît dans aucune préfecture de COD-AB v02. Les trois sources semblent répondre à des questions différentes (cartographie humanitaire, démographie, logistique de recensement) plutôt qu'une seule étant simplement fausse. Non résolu à ce jour."
